YCSB-100000-100000-workloadb,YCSB-1000-1000-workloada,YCSB-10000-10000-workloadc
hbase.cluster.distributed,hfile.block.index.cacheonwrite,hbase.client.pause
hbase.zookeeper.quorum,hbase.server.thread.wakefrequency,hbase.hstore.compaction.throughput.lower.bound
hbase.master.logcleaner.ttl,hbase.regionserver.msginterval,
hbase.master.infoserver.redirect,hbase.table.lock.enable,
hbase.regionserver.logroll.period,hbase.region.replica.replication.enabled,
hbase.regionserver.global.memstore.size,,
hbase.regionserver.global.memstore.size.lower.limit,,
zookeeper.session.timeout,,
hbase.zookeeper.property.initLimit,,
hbase.zookeeper.property.clientPort,,
hbase.zookeeper.property.maxClientCnxns,,
hbase.client.write.buffer,,
hbase.client.perserver.requests.threshold,,
hbase.hstore.compaction.min.size,,
hbase.hstore.compaction.max.size,,
hbase.hstore.compaction.ratio,,
hfile.block.cache.size,,
hfile.format.version,,
hbase.auth.key.update.interval,,
hbase.rest.threads.max,,
dfs.client.read.shortcircuit,,
hbase.dfs.client.read.shortcircuit.buffer.size,,
hbase.security.authentication,,
hbase.regionserver.storefile.refresh.period,,
hbase.http.max.threads,,
hbase.client.max.total.tasks,,
hbase.bucketcache.bucket.sizes,,
hfile.index.block.max.size,,
