redisbenchmark-get-10000-50,redisbenchmark-set-10000-50,redisbenchmark-get-100000-100
daemonize,replica-ignore-maxmemory,lazyfree-lazy-user-flush
activerehashing,lazyfree-lazy-user-del,
repl-diskless-sync,set-proc-title,always-show-logo
cluster-require-full-coverage,cluster-replica-validity-factor,io-threads-do-reads
replica-read-only,cluster-announce-bus-port,lazyfree-lazy-expire
jemalloc-bg-thread,cluster-replica-no-failover,
syslog-enabled,,
crash-memcheck-enabled,,
cluster-allow-replica-migration,,
io-threads,,
auto-aof-rewrite-percentage,,
cluster-migration-barrier,,
active-defrag-cycle-max,,
active-defrag-threshold-lower,,
active-defrag-threshold-upper,,
lfu-log-factor,,
replica-priority,,
repl-diskless-sync-delay,,
maxmemory-eviction-tenacity,,
timeout,,
tcp-backlog,,
repl-timeout,,
list-compress-depth,,
active-expire-effort,,
hz,,
list-max-ziplist-size,,
